user_id,book_id,rating,rating_date
0,136081.Dearly_Devoted_Dexter,4,2024-11-17
0,14865.Vanishing_Acts,1,2024-11-28
0,6596080-taming-kate,1,2024-11-18
0,15808242-city-of-dark-magic,1,2024-12-01
0,497250.Absolute_Boyfriend_Vol_2,3,2024-11-12
0,552106.Voluntary_Madness,1,2024-11-09
0,9780131-the-lost-heiress,3,2024-11-22
0,52766407-today-tonight-tomorrow,1,2024-11-22
0,18966819-golden-son,2,2024-11-29
0,953320.Classics_of_Horror,2,2024-11-10
0,249606.The_Bridge,1,2024-11-23
1,15700312-beauty-never-dies,1,2024-11-28
1,1193817.Enchantress,1,2024-11-13
1,374380.The_Duke_s_Children,5,2024-12-03
1,73064.Natural_Born_Charmer,1,2024-12-06
1,22825631-our-endless-numbered-days,1,2024-11-30
1,110694.The_Seeress_of_Kell,2,2024-11-14
1,24819967-soup-recipes,5,2024-12-09
1,223797.Love_and_Logic_Magic_for_Early_Childhood,1,2024-12-04
1,13316309-the-ghost-of-graylock,2,2024-12-09
1,13986.Arrows_of_the_Queen,1,2024-11-20
1,40881903-unparalleled,2,2024-11-16
1,133237.Come_the_Spring,3,2024-11-19
1,34649348-the-marrow-thieves,1,2024-11-12
1,13059054-homestuck-book-one,5,2024-11-30
2,6389874-tempest-rising,2,2024-11-10
2,138396.The_Walking_Dead_Vol_2,4,2024-11-29
2,1037138.The_Demon_Plague,3,2024-11-22
2,7968653-wolf-pact,2,2024-11-24
2,23864830-matefinder,3,2024-11-28
2,10180109-scrivener-s-moon,2,2024-12-04
2,10306358-we-the-animals,2,2024-11-14
2,1087601.Where_Are_the_Children_,4,2024-11-20
2,11700333-swimming-home,2,2024-11-09
2,17185682-shadowed,5,2024-11-25
2,1252410.The_Best_Awful,1,2024-12-09
2,12663.The_Covenant,1,2024-11-13
3,18224293-in-the-beginning,1,2024-11-15
3,55022.The_Neon_Rain,1,2024-11-24
3,2677410-beggars-banquet,2,2024-12-06
3,15810152-bled-breakfast,1,2024-12-04
3,28407.Germinal,4,2024-12-04
3,6193923-evil-at-heart,2,2024-11-15
3,860559.Mystery_of_the_Ivory_Charm,1,2024-12-05
3,959304.More_List_Your_Self,1,2024-11-24
3,24304070-area-of-influence,1,2024-12-06
4,7739858-the-10-pm-question,1,2024-11-18
4,24394424-trust-the-focus,1,2024-11-27
4,47619.Drowned_Wednesday,1,2024-12-05
4,67354.What_I_Believe,1,2024-11-23
4,7886302-radiance,1,2024-12-09
4,12750296-dying-to-know-you,2,2024-11-27
4,815716.The_21_Irrefutable_Laws_of_Leadership,1,2024-11-09
4,377327.Markheim,1,2024-12-04
4,17166165-the-fallout,2,2024-11-17
4,10838787-pawn,2,2024-11-14
5,22351498-dearest-clementine,4,2024-11-17
5,26109391-highly-illogical-behavior,2,2024-12-08
5,11983951-shooting-stars,1,2024-11-17
5,23007471-unlit-star,1,2024-11-16
5,142458.Flashman,2,2024-11-09
5,19547856-simon-vs-the-homo-sapiens-agenda,1,2024-12-03
5,7150174-the-strange-case-of-origami-yoda,2,2024-12-03
5,8599748-trust-in-advertising,1,2024-12-07
5,352749.Journey_of_Hope,2,2024-11-20
5,5303373-the-chosen-one,2,2024-11-28
5,25664525-romancing-the-nerd,1,2024-11-16
5,50784.The_Corset_Diaries,1,2024-11-13
6,295621.Light_in_my_Darkness,1,2024-12-08
6,535116.The_House_at_Maakies_Corner,1,2024-12-08
6,79088.Here_Be_Monsters_,5,2024-12-07
6,1507006.Legend,4,2024-11-15
6,13449858-the-lives-we-lost,4,2024-11-13
6,40570981-nine-notches,3,2024-11-19
6,46438.The_Last_Templar,1,2024-11-21
6,867247.A_Book_of_Five_Rings,1,2024-11-25
6,40024139-serpent-dove,1,2024-11-19
6,87564.Confessions_of_an_Heiress,1,2024-11-28
6,11506107-loki,1,2024-12-02
6,18170438-learning-to-trust,3,2024-11-29
7,11476593-summoning-the-night,1,2024-11-22
7,276796.Utz,1,2024-11-22
7,139418.The_Silver_Kiss,1,2024-11-15
7,352679.Knowledge_of_Angels,2,2024-11-26
7,5075964-darkness-revealed,1,2024-12-06
7,12958037-biting-bad,2,2024-12-06
7,15726997-darkest-fear,3,2024-12-05
7,12872236-canada,3,2024-11-13
7,6304335-beautiful-creatures,2,2024-11-15
8,648165.Zigzag_Street,1,2024-11-12
8,12884237-the-end-of-the-world,3,2024-12-03
8,39105.Love_Poems,1,2024-12-03
8,503536.Seduced_by_Magic,1,2024-11-30
8,2213336.Streams_of_Babel,1,2024-11-16
8,12604863-the-seekers,1,2024-12-03
8,124929.Strong_Medicine,1,2024-12-05
8,25585034-summit-of-passion,1,2024-12-07
9,14495.The_Mind_Parasites,2,2024-11-14
9,18740605-annihilate-me,1,2024-11-22
9,16161901-khost,4,2024-11-09
9,10543382-proditor,1,2024-11-19
9,7673.Eaters_of_the_Dead,1,2024-11-16
9,1238661.The_Contractors,2,2024-12-07
9,42366189-the-lost,4,2024-11-13
9,147590.Endless_Night,1,2024-12-04
9,6282915-angel-time,1,2024-12-03
9,293457.Immortal,3,2024-11-14
9,18106337-stillwell,5,2024-11-18
9,23754479-purity,1,2024-11-24
9,50316.Collected_Poems_1947_1997,4,2024-11-13
9,25912332-sweet-soul,1,2024-12-08
10,685.The_Natural,2,2024-11-19
10,115030.Chokher_Bali,2,2024-12-02
10,1250373.The_Hidden_Flower,2,2024-11-20
10,13451563-the-single-woman-s-sassy-survival-guide,1,2024-12-06
10,16705.Summerland,1,2024-12-08
10,70105.The_Counterfeiters,1,2024-11-28
10,363492.Sharpe_s_Devil,2,2024-11-11
10,33363.Mama_Day,1,2024-12-02
10,352781.Omega,2,2024-11-22
10,31493.Standing_in_the_Rainbow,1,2024-11-21
10,50275.Last_Exit_to_Brooklyn,1,2024-11-13
10,80738.Courtesan,2,2024-11-11
10,32585.Hunger,3,2024-11-19
10,10048876-dark-souls,2,2024-11-29
11,365089.Beyond_the_Blue_Moon,2,2024-11-30
11,20975446-tainted-pictures,2,2024-11-14
11,14839.Last_Man_Standing,1,2024-11-10
11,61910.Vorkosigan_s_Game,2,2024-11-10
11,15937108-counting-by-7s,3,2024-11-13
11,2062048.The_Diplomat_s_Wife,4,2024-12-02
11,13047090-onyx,4,2024-11-24
11,288962.Out_of_Sight,2,2024-12-07
11,45694.The_Canterville_Ghost_and_Other_Stories,1,2024-12-09
11,97030.Six_Thinking_Hats,1,2024-12-03
11,3636515-the-eye-of-the-moon,2,2024-11-28
11,24607565-why-is-this-night-different-from-all-other-nights,2,2024-12-09
11,30273.The_Lunatic_Cafe,3,2024-11-29
12,369110.Captains_and_the_Kings,1,2024-12-03
12,666640.Theology_and_Sanity,2,2024-11-09
12,14280.Runaway,2,2024-12-04
12,40395.A_Princess_of_Mars,2,2024-11-18
12,20567918-mini-habits,1,2024-11-29
12,1070245.Al_Capone_And_His_Gang,2,2024-11-12
12,15700446-the-fairest-beauty,1,2024-11-11
13,9303006-just-being-audrey,1,2024-11-10
13,5178537-mortal-coils,1,2024-11-09
13,8686057-fated,1,2024-11-21
13,7148256-the-red-queen,2,2024-12-07
13,33161035-the-legend-of-korra,2,2024-12-07
13,74271.The_Oracle_s_Queen,1,2024-11-09
13,6919484-mummy-knew,2,2024-12-08
13,43497241-the-eyes-of-tamburah,2,2024-11-30
13,24866809-fantasy-of-flight,1,2024-11-28
13,25688980-the-rat-prince,2,2024-11-09
13,20556876-story-of-cole-younger,1,2024-12-08
13,112693.Then_He_Ate_My_Boy_Entrancers,4,2024-11-15
13,8721183-zombie-apocalypse,1,2024-11-16
13,7741325-dash-lily-s-book-of-dares,1,2024-11-22
14,32502.Angels_Flight,3,2024-12-04
14,13591672-rootless,1,2024-11-29
14,135479.Cat_s_Cradle,1,2024-11-18
14,16200.Ella_Minnow_Pea,1,2024-11-10
14,776283.Quicker_Than_the_Eye,2,2024-12-06
14,8091798-saira,1,2024-11-23
14,11069481-dreadnaught,4,2024-11-23
14,295665.Junie_B_First_Grader_at_Last_,3,2024-11-23
14,687215.The_Power_That_Preserves,3,2024-11-16
14,8067175-captain-america,1,2024-12-07
15,295910.The_Cure_for_Death_by_Lightning,1,2024-12-05
15,33353.It_s_Called_a_Breakup_Because_It_s_Broken,2,2024-11-18
15,165782.Second_Nature,1,2024-12-07
15,131847.This_Place_Has_No_Atmosphere,3,2024-11-29
15,123036.Hotel_World,1,2024-12-04
15,448114.Amazing_Grace,1,2024-11-17
16,29938032-her-every-fear,1,2024-11-28
16,52867387-beach-read,3,2024-12-05
16,561635.The_Body_Snatcher,1,2024-11-13
16,724834.Swift_as_Desire,1,2024-11-14
16,18172471-the-selection-stories,2,2024-11-10
16,93802.A_Death_in_Vienna,1,2024-11-23
16,357399.Red_River_Vol_1,3,2024-11-20
16,16130105-the-last-word,1,2024-12-03
17,12550.Stiff_Upper_Lip_Jeeves,5,2024-12-06
17,490136.One_on_One,1,2024-11-21
17,5161.The_Deep_End_of_the_Ocean,4,2024-11-16
17,399623.Man_Woman_and_Child,4,2024-11-21
17,62012.The_Guns_of_Avalon,4,2024-11-16
17,351564.The_Man_Born_to_Be_King,5,2024-11-13
17,17262100-the-lowland,4,2024-11-11
17,25381716-quest-for-the-virgins,3,2024-11-21
17,12499290-the-blinding-knife,4,2024-11-23
17,297478.Appaloosa,4,2024-11-25
17,13560337-the-cilappatikaram,4,2024-11-27
17,817309.Demon_of_Undoing,3,2024-11-14
18,9595.Slapstick_or_Lonesome_No_More_,2,2024-11-10
18,12381.Wilderness,2,2024-11-17
18,20927106-sweet-danger,2,2024-12-06
18,6571967-the-spellmans-strike-again,2,2024-12-08
18,71679.Wilful_Behaviour,2,2024-11-24
18,27570138-good-bye-def-leppard,2,2024-11-16
18,12013.Excession,2,2024-11-18
19,18478083-kissing-in-america,2,2024-12-09
19,22186.Would_I_Lie_to_You,1,2024-11-18
19,20371824-a-charming-magic,1,2024-11-11
19,22595737-dawn,1,2024-11-19
19,9293020-the-elephant-tree,3,2024-12-02
19,9726227-the-forge-of-god,1,2024-11-26
19,18481271-unite-me,1,2024-12-09
19,31314.Barnyard_Dance,4,2024-11-27
19,23310699-crenshaw,1,2024-11-24
19,79421.The_Heavenly_Man,1,2024-11-11
20,11564.The_Girl_Who_Loved_Tom_Gordon,2,2024-11-13
20,7673.Eaters_of_the_Dead,1,2024-11-28
20,3534310-the-adventures-of-holly-hobbie,2,2024-11-30
20,42641.Resurrection,2,2024-11-09
20,28954232-all-in-pieces,3,2024-11-27
20,56301.Light_on_Yoga,3,2024-11-19
20,51606.Johnny_Got_His_Gun,5,2024-11-25
20,484637.Live_in_a_Better_Way,3,2024-11-19
20,3222976-against-medical-advice,1,2024-11-23
20,16148435-the-burning-world,2,2024-12-02
21,5941233-thirst-no-1,2,2024-12-06
21,18626540-innocent-blood,2,2024-11-21
21,9776116-the-heat,2,2024-11-13
21,2272813.Ninth_Grade_Slays,1,2024-11-10
21,11836562-angel-eyes,2,2024-12-01
21,328787.The_Fall_of_Lucifer,3,2024-11-29
21,17289431-acea-and-the-animal-kingdom,1,2024-11-20
21,228063.xxxHolic_Vol_1,4,2024-12-06
21,27268403-the-star,4,2024-11-11
21,7182626-cat-s-claw,1,2024-11-25
21,3537854-a-highlander-of-her-own,1,2024-11-12
21,30190.Goddess_of_Light,2,2024-12-03
21,3678651-bad-girls-don-t-die,3,2024-11-30
22,1121526.ES,2,2024-11-29
22,785420.Winter_of_the_Wolf_Moon,2,2024-12-01
22,23361195-wil-deft,1,2024-11-14
22,17857619-spiritus-mundi,1,2024-11-29
23,26800718-the-someday-birds,2,2024-12-01
23,3141295-the-children-of-hurin-the-silmarillion-the-hobbit-the-lord-of-the-rings,1,2024-11-21
23,19183499-secrets-of-the-realm,2,2024-11-24
23,1381000.Mermaid_in_a_Bowl_of_Tears,1,2024-11-28
23,21340.City_of_Night,4,2024-11-12
23,6681400-the-sweet-spot,2,2024-11-21
23,400634.Naruto,1,2024-11-11
23,1201589.The_Last_Testament,3,2024-11-17
23,13552214-a-plain-christmas,4,2024-12-07
24,38533005-trapped,3,2024-11-13
24,143728.How_to_Be_a_Pirate,1,2024-11-24
24,3145113-circle-of-flight,3,2024-11-16
24,56067.Little_Bitty_Lies,2,2024-12-01
24,3695772-chatham-by-air,2,2024-11-27
24,1815.Breaking_Open_the_Head,1,2024-11-24
24,22820335-amatore-s-restaurant,1,2024-12-02
24,178820.In_China_s_Shadow,3,2024-11-09
24,6329322-nice-girls-don-t-live-forever,4,2024-11-30
24,22674054-into-the-shadows,4,2024-11-27
25,17572973-cross-and-burn,1,2024-11-22
25,51378.Feminist_Theory,4,2024-11-14
25,2830067-the-given-day,1,2024-11-12
25,26891429-the-city-of-mirrors,2,2024-12-02
25,16150740-blood-rose,2,2024-12-08
25,359759.Into_the_Deep,1,2024-11-29
25,146742.Jewels_of_the_Tsars,1,2024-11-23
25,6606456-the-scent-of-rain-and-lightning,1,2024-12-04
26,1487383.Diana,1,2024-11-13
26,23621387-jamie-dornan,5,2024-11-20
26,2369.The_Great_Bridge,2,2024-12-01
26,25893693-lilac-girls,4,2024-11-28
26,6977345-chalkline,2,2024-12-03
26,328907.Sharpe_s_Tiger,1,2024-11-12
26,36352480-natives,2,2024-11-20
26,30533129-a-lowcountry-heart,2,2024-11-26
26,22163.The_Wild_Trees,2,2024-11-12
26,13101981-astounding-science-fiction-october-1941,1,2024-12-08
26,683898.Sufis_of_Andalusia,1,2024-11-26
27,17571671-the-spider,4,2024-11-23
27,207365.Claimed_by_Shadow,2,2024-11-29
27,14288.Piercing,1,2024-11-10
27,10780523-guardian-of-the-green-hill,1,2024-11-18
27,41865.Twilight,2,2024-12-01
28,34941200-salamanca,1,2024-11-29
28,17934520-going-rogue,2,2024-12-04
28,904812.The_Giant_Jam_Sandwich,5,2024-11-17
28,29430869-the-girl-from-venice,1,2024-11-10
28,17805.Gravitation_Volume_03,1,2024-11-20
28,39796904-my-lovely-wife,2,2024-12-04
28,7061.The_No_1_Ladies_Detective_Agency,1,2024-12-07
28,12813630-the-coldest-girl-in-coldtown,1,2024-11-21
28,9569.Villa_Incognito,2,2024-11-27
28,262856.Master_of_Space_and_Time,1,2024-12-04
28,241387.When_Crickets_Cry,1,2024-12-08
28,4985.Welcome_to_the_Monkey_House,1,2024-11-19
28,6573.The_Right_Hand_of_Evil,4,2024-12-04
28,26128174-limits-of-destiny,2,2024-11-17
28,9635439-a-highland-christmas,5,2024-11-09
28,13260670-exile,3,2024-11-18
29,493559.If_We_Kiss,2,2024-12-02
29,24484737-mended,3,2024-11-25
29,10562648-wrapped-up-in-you,5,2024-11-30
29,71776.At_Home_in_Mitford,1,2024-11-19
29,31194576-release,1,2024-11-15
29,164631.Seducing_Simon,4,2024-12-08
29,307576.Vapor,3,2024-11-29
29,689929.The_Valley_of_Adventure,4,2024-11-16
29,90988.Christie_Malry_s_Own_Double_Entry,5,2024-12-04
29,233922.Skywriting_by_Word_of_Mouth_and_Other_Writings,2,2024-11-21
29,40465.Thank_You_for_Smoking,1,2024-11-13
29,40295.This_Is_the_Way_the_World_Ends,3,2024-12-06
29,2512269.Play_Bridge_with_Reese,1,2024-12-04
29,251972.Sweet_Liar,2,2024-12-07
29,26858793-noisy-nora,1,2024-11-15
30,15739726-running-wild,3,2024-12-03
30,91475.White_Night,2,2024-11-29
30,3457715-bliss,1,2024-12-01
30,3063563-true-believer-at-first-sight,2,2024-11-18
30,233933.All_We_Are_Saying,2,2024-11-09
30,12157407-in-the-after,3,2024-11-15
30,21520185-the-two-towers,3,2024-11-11
30,396836.The_Fall_of_Shane_MacKade,2,2024-11-28
30,1527413.The_Amazing_Story_of_Adolphus_Tips,3,2024-11-16
30,1729146.Raven_Rise,2,2024-11-23
31,4538.The_View_from_Saturday,3,2024-11-13
31,17975383-digital-mind-jail,3,2024-12-08
31,2143461.Walt_Disney_s_Mickey_and_the_Beanstalk,1,2024-11-28
31,19004928-the-blink-of-her-eye,1,2024-11-16
31,74532.George_s_Marvellous_Medicine,4,2024-12-07
31,12735319-heaven,1,2024-11-28
31,6963764-captain-s-share,2,2024-12-02
31,253071.The_Future_Eaters,2,2024-12-03
31,36055526-obsession-mine,2,2024-11-18
32,60179.The_Lost_Princess_of_Oz,2,2024-11-25
32,1429768.Wishes_Kisses_and_Pigs,2,2024-12-02
32,891671.Winter_in_Madrid,5,2024-11-12
32,30119.Where_the_Sidewalk_Ends,1,2024-12-05
32,27577.What_Went_Wrong_The_Clash_Between_Islam_Modernity_in_the_Middle_East,2,2024-12-04
32,6578293-dog-days,1,2024-12-01
32,7775741-the-age-of-odin,1,2024-11-21
32,78629.Tortured_for_Christ,2,2024-12-06
32,18668056-the-glass-sentence,1,2024-11-24
32,107796.Rebellious_Desire,1,2024-11-23
32,6259.Birdsong,2,2024-11-25
32,207533.Someday_Angeline,2,2024-11-26
33,336734.Living_in_the_Light,3,2024-11-30
33,2653622-the-keepsake,2,2024-12-05
33,235718.Succubus_Blues,1,2024-11-29
33,2342943.Oh_My_Gods_,1,2024-11-30
33,80536.Little_Earthquakes,1,2024-12-06
33,29981.The_Island_of_Doctor_Moreau,2,2024-11-10
33,1051620.The_Innocent_Mage,1,2024-11-27
33,17714301-the-prayer-box,1,2024-11-11
33,31117059-a-piece-of-the-world,1,2024-11-25
33,13419139-what-a-ghoul-wants,2,2024-11-28
33,297909.Transfigurations,1,2024-11-17
34,630684.King_Midas_and_the_Golden_Touch,1,2024-11-21
34,12401556-the-age-of-miracles,1,2024-11-17
34,17981458-flight-of-the-red-bandit,1,2024-12-06
34,59715.The_Authoritative_Calvin_and_Hobbes,1,2024-11-17
34,13573412-not-exactly-a-love-story,1,2024-11-13
34,6324785-bodyworld,3,2024-11-13
34,377895.A_Stranger_at_Green_Knowe,3,2024-11-22
35,6801755-flow-down-like-silver,2,2024-11-19
35,60218.I_m_In_No_Mood_For_Love,3,2024-12-03
35,7101484-firsts,2,2024-11-23
35,2623.Great_Expectations,3,2024-12-04
35,756712.The_Tale_of_Benjamin_Bunny,5,2024-11-27
35,178658.The_Making_of_New_World_Slavery,1,2024-12-06
35,19615646-sophie,1,2024-11-27
35,757438.The_Man_Who_Planted_Trees,1,2024-11-11
35,93157.The_Monk,1,2024-11-13
35,781653.Montana_1948,2,2024-11-09
35,747637.Black_Beauty,4,2024-11-23
35,93996.Hitler,2,2024-11-22
35,3975186-true-colors,1,2024-11-25
36,19185094-the-passion-of-patrick-macneill,3,2024-11-22
36,114549.Doctor_Who,1,2024-12-02
36,813214.The_Mist,1,2024-11-13
36,3755301-tiger-moon,1,2024-11-14
36,80660.We_Need_to_Talk_About_Kevin,2,2024-11-19
36,12447.You_Can_t_Go_Home_Again,1,2024-11-26
37,3507.Twelve_Sharp,2,2024-12-08
37,31364.What_Came_Before_He_Shot_Her,3,2024-11-09
37,6537.From_Potter_s_Field,1,2024-12-01
37,7682.The_Great_Train_Robbery,1,2024-12-05
37,699709.Borden_Chantry,1,2024-11-14
37,127582.The_Atlas_of_Pern,3,2024-11-19
37,8513841-the-renfield-syndrome,1,2024-12-08
37,7935687-the-clockwork-three,4,2024-12-05
38,772756.Vows,1,2024-12-06
38,1123549.The_Lonesome_Gods,1,2024-11-23
38,5053.The_Man_From_St_Petersburg,2,2024-11-14
38,3985.The_Amazing_Adventures_of_Kavalier_Clay,3,2024-11-15
38,29739029-little-red,2,2024-11-30
38,132606.Mr_Impossible,2,2024-12-03
38,2856645-bog-child,2,2024-12-07
38,101086.Stonehenge,1,2024-11-15
38,54944064-the-unraveling-of-cassidy-holmes,1,2024-11-28
38,13773346-a-game-for-swallows,1,2024-11-23
39,1584974.Lord_of_the_Fading_Lands,1,2024-11-17
39,40515052-harley-merlin-and-the-secret-coven,1,2024-11-12
39,7048818-how-an-economy-grows-and-why-it-crashes,1,2024-11-20
39,41536.My_Soul_to_Keep,5,2024-11-30
39,6934395-midnight,1,2024-11-12
39,143691.Shadow_Man,4,2024-11-24
39,18586621-until-the-end-of-the-world,1,2024-11-17
39,17334062-the-fall-of-the-hotel-dumort,1,2024-12-03
40,459746.Georgia_on_Her_Mind,1,2024-11-28
40,3303523-what-they-didn-t-know,2,2024-11-23
40,6441387-broadway-lights,4,2024-12-03
40,23264731-art-soul,3,2024-11-10
40,12777554-light-through-the-cracks,1,2024-12-04
40,93996.Hitler,1,2024-11-09
40,4961048-wishful-drinking,2,2024-12-02
40,15762657-seducing-cinderella,1,2024-11-17
40,82795.Johnny_Angel,1,2024-11-09
41,257333.The_Golden_Key,1,2024-11-24
41,5586327-i-can-see-you,4,2024-11-09
41,173363.The_Red_Carpet,1,2024-11-29
41,17437203-the-geneva-decision,2,2024-11-16
41,22540125-after-we-collided,1,2024-11-21
41,18467802-euphoria,2,2024-11-11
41,115037.The_Mystery_of_Humanity,1,2024-11-14
41,18798988-break-me,1,2024-11-24
41,3699512-we-are-quiet-we-are-loud,1,2024-11-17
41,10046958-hotel-no-tell,2,2024-11-30
42,24929.Lost,2,2024-11-22
42,18478848-karpal-singh,2,2024-12-07
42,49006.The_Darkest_Hour,3,2024-11-23
42,807609.Souls_Raised_from_the_Dead,1,2024-11-12
42,18129488-black-butler-vol-16,2,2024-11-16
42,112754.Kiss_of_the_Highlander,3,2024-11-23
42,17910048-the-goblin-emperor,3,2024-11-30
42,6940978-septimus-heap,1,2024-12-08
42,12114440-fury-s-kiss,1,2024-12-05
42,18270740-her-dragon-to-slay,1,2024-11-22
43,10290243-spider-s-revenge,2,2024-11-10
43,8639945-life-without-limits,1,2024-11-19
43,71785.A_Common_Life,2,2024-11-11
43,4902793-sookie-stackhouse-7-copy-boxed-set,1,2024-12-06
43,11913075-the-hunt,3,2024-11-20
43,136096.If_Not_Now_When_,2,2024-11-15
43,9633188-everdark,1,2024-11-27
43,7775631-the-back-door-of-midnight,2,2024-12-05
43,48848553-the-white-rose-resists,2,2024-11-22
43,1274345.Mona_Lisa_Craving,3,2024-11-19
44,982011.Alfred_Hitchcock_s_Get_Me_to_the_Wake_on_Time,2,2024-11-26
44,557332.Prom_Nights_from_Hell,1,2024-11-30
44,47693.The_Day_I_Swapped_My_Dad_for_Two_Goldfish,1,2024-12-07
44,951179.The_Best_Little_Boy_in_the_World,3,2024-12-09
44,19066.Underdog,2,2024-12-03
44,77433.The_Surgeon_s_Mate,1,2024-11-10
44,17874069-my-butterfly,3,2024-11-16
44,6505012-the-nameless-city,2,2024-11-28
44,7832174-chosen,1,2024-12-04
44,34038977-dark-angel,3,2024-11-19
44,32418.Hannibal,2,2024-11-27
44,31196796-le-caprice-des-dieux,4,2024-11-20
44,22929578-the-fixer,1,2024-12-04
44,11026.Barnaby_Rudge,2,2024-11-26
44,45343.The_Nixie_s_Song,1,2024-11-23
45,44766.Purple_Cane_Road,2,2024-11-29
45,10674653-in-seconds,1,2024-11-17
45,7881882-flin-s-destiny,1,2024-11-16
45,1261859.Rematch,1,2024-12-09
45,16136176-freak-of-nature,1,2024-11-26
45,10916761-a-glamorously-unglamorous-life,1,2024-11-23
45,12988064-reunited,2,2024-11-09
45,1071338.Amy_Number_Seven,2,2024-11-15
45,228128.Cage_of_Stars,1,2024-11-15
45,414692.All_Through_the_Night,1,2024-11-22
45,839499.Heart_Full_of_Lies,2,2024-11-29
45,61463.The_Winter_Queen,1,2024-11-18
45,34310.The_Glass_Lake,1,2024-11-29
45,101205.Mildred_Pierce,2,2024-11-26
45,9004758-from-bad-to-cursed,1,2024-11-21
45,9647908-the-ideal-man,2,2024-11-11
46,11008145-trick-of-the-dark,1,2024-11-26
46,47922.Because_I_m_Worth_It,2,2024-12-03
46,13536860-fifty-shades-freed,1,2024-11-14
46,71863.A_Killing_Frost,2,2024-11-26
46,6455548-nerds,2,2024-11-12
46,26074185-ruined,2,2024-11-22
46,49628682-heartstopper,5,2024-11-09
46,58854.Without_a_Trace,2,2024-11-10
46,17909684-i-remember,1,2024-11-30
46,28800006-onyx-webb,3,2024-11-27
46,511260.Aunt_Dimity,1,2024-11-22
46,13419382-the-nude,5,2024-11-13
46,43576.Twentieth_Century_Eightball,1,2024-11-16
46,24076419-in-sickness-and-in-health,2,2024-12-06
46,67376.The_Book_of_Love,2,2024-11-30
46,20311827-a-dark-heart,1,2024-11-20
47,33956433-city-of-saints-thieves,1,2024-11-18
47,77366.The_Hero_and_the_Crown,2,2024-12-01
47,532509.Fashion_and_Fiction,3,2024-11-16
47,25014114-history-is-all-you-left-me,1,2024-12-08
47,959613.A_Glastonbury_Romance,4,2024-11-10
47,326911.Warriors,1,2024-11-14
47,11952268-doomed,2,2024-11-28
47,13597930-chasing-nikki,5,2024-11-15
47,6806633-the-dirty-dozen,2,2024-11-16
47,9521859-branded,4,2024-11-14
47,8312889-moon-burning,1,2024-11-16
47,108570.The_Resort,2,2024-11-24
47,6339989-vampire-academy-collection,2,2024-11-18
48,575080.The_Deadline,1,2024-12-03
48,536478.The_First_Men_in_the_Moon,2,2024-11-25
48,9297264-the-baby-thief,1,2024-12-08
48,476749.The_Heart_of_Myrial,1,2024-11-28
48,173454.The_Divine_Conspiracy,1,2024-11-21
48,449017.Praise_of_Folly,2,2024-11-20
48,11337189-a-universe-from-nothing,2,2024-11-12
48,6871031-son-of-perdition,1,2024-11-28
48,96884.The_Happiness_Hypothesis,3,2024-12-01
48,590198.The_Bishop_s_Heir,3,2024-11-25
48,30748899-embers-of-war,2,2024-12-01
48,176827.Brightly_Burning,1,2024-11-10
49,27558677-the-girl-from-the-train,1,2024-11-27
49,38720939-a-very-large-expanse-of-sea,5,2024-11-28
49,74928.Hellsing_Vol_01,1,2024-11-27
49,9373213-to-write-love-on-her-arms,2,2024-12-03
49,10948240-mississippi-cotton,1,2024-11-13
49,7137645-counterfeit-gods,2,2024-11-29
50,200137.Ethics_for_the_New_Millennium,2,2024-11-18
50,29868610-scrappy-little-nobody,2,2024-12-03
50,36647568-the-truth-seeker-s-handbook,2,2024-11-23
50,84748.Mr_Midshipman_Hornblower,3,2024-11-28
50,560535.Shadow_of_the_Moon,2,2024-11-13
51,664773.The_Kingdom_at_the_End_of_the_Road,1,2024-12-09
51,102534.The_Sagas_of_Icelanders,2,2024-11-09
51,25692886-borderline,3,2024-11-09
51,18339630-all-my-puny-sorrows,2,2024-11-29
51,809972.Bridie_and_Finn,2,2024-11-19
51,381602.The_Song_of_the_Cardinal,1,2024-12-05
51,545421.Narrow_Rooms,1,2024-11-16
51,74696.The_Stone_Angel,1,2024-11-26
52,359410.Elsewhere,2,2024-11-11
52,18492859-immortal,1,2024-11-24
52,35120549-i-am-not-a-serial-killer,1,2024-11-25
52,25663717-the-two-family-house,1,2024-11-27
52,13538641-killing-kennedy,1,2024-11-25
52,59821.Red_Lily,5,2024-12-08
52,8076962-cheat-the-grave,1,2024-11-13
52,7530028-staying-power,1,2024-11-18
52,26634594-the-rise-and-fall-of-american-growth,2,2024-11-29
52,1478023.The_Darkness,5,2024-11-28
52,18825.Money,3,2024-12-03
52,18045490-grim-shadows,3,2024-12-06
52,290.Jesus_the_Son_of_Man,1,2024-11-30
52,2771105-unlawful-contact,2,2024-12-07
52,6029797-love-at-first-flight,1,2024-12-05
53,5453.Forever_in_Blue,1,2024-11-17
53,17260056-a-love-like-this,3,2024-12-05
53,17849112-world-after,1,2024-11-28
53,669852.A_Father_s_Promise,2,2024-11-24
53,80670.Otherwise_Known_as_Sheila_the_Great,5,2024-11-18
53,1540.The_Oedipus_Cycle,1,2024-11-12
53,69005.Always,1,2024-11-10
53,473869.A_Fistful_of_Sky,1,2024-11-12
53,15734528-magical-mayhem,5,2024-11-21
53,13152510-taming-tigers,2,2024-12-06
53,3392285-dead-is-a-state-of-mind,3,2024-11-27
53,19068.The_Nicomachean_Ethics,5,2024-11-13
53,1156197.The_Lifeguard,4,2024-11-18
54,33805430-siren-s-song,2,2024-12-02
54,189428.The_Private_World_of_Tasha_Tudor,2,2024-12-03
54,1678745.Legion,2,2024-11-26
54,9264106-what-comes-after,2,2024-11-18
54,116378.The_Highwayman,1,2024-12-09
54,616783.T2,1,2024-12-04
54,399896.A_Secret_Love,2,2024-12-02
54,8087906-river-marked,1,2024-12-03
54,17794325-from-the-fatherland-with-love,1,2024-12-07
54,529016.East_Coast_Crisis,1,2024-11-30
54,112518.The_Garden_of_Rama,4,2024-12-05
55,46654.The_Foundation_Trilogy,1,2024-11-12
55,41967.Evening_Class,2,2024-11-09
55,626361.Wilt_On_High,2,2024-11-26
55,2336407.Thor_by_J_Michael_Straczynski_Volume_1,3,2024-11-23
55,506145.Eumeswil,2,2024-11-20
55,48862.Brighton_Rock,2,2024-11-15
55,25486572-payment-in-memories,2,2024-11-22
55,18090077-the-kept,1,2024-11-13
55,17286694-coreyography,2,2024-12-04
55,12079.Ludwig_Wittgenstein,1,2024-12-05
55,16536.The_Fabulous_Riverboat,1,2024-11-18
56,481335.The_Vision,3,2024-11-17
56,8697204-captured-by-the-highlander,1,2024-12-08
56,15851966-radiant,1,2024-11-20
56,28194.Inkheart,2,2024-12-06
56,22934470-the-forget-me-not-summer,1,2024-11-30
56,17865385-fate-s-path,2,2024-11-24
56,11526739-you-ll-be-sorry-when-i-m-dead,2,2024-11-30
56,16405.Sunset_at_Blandings,1,2024-11-21
56,610718.Jennie,2,2024-11-14
56,181077.Sadako_and_the_Thousand_Paper_Cranes,3,2024-11-15
56,22895738-it-s-you,1,2024-11-28
56,352828.Kingdom_s_Dawn,2,2024-11-12
56,30230.Anita_Blake_Vampire_Hunter_Collection_1_4,3,2024-11-14
56,129504.Leaving_Church,1,2024-11-09
57,33811.By_the_Rivers_of_Babylon,3,2024-11-23
57,92555.The_Pesthouse,1,2024-11-30
57,26936.Rock_Springs,1,2024-11-30
57,1355465.How_Fiction_Works,2,2024-11-23
57,74403.The_Deptford_Trilogy,2,2024-12-07
57,75024.The_Templar_Legacy,4,2024-11-13
57,37787316-fragments,1,2024-11-12
57,13330603-the-sandcastle-girls,2,2024-11-12
57,762462.One_Up_On_Wall_Street,1,2024-12-08
57,7235208-as-simple-as-it-seems,1,2024-11-19
57,724834.Swift_as_Desire,3,2024-11-29
57,255371.Casting_the_Runes_and_Other_Ghost_Stories,1,2024-11-20
58,6357708-sisters-red,1,2024-12-03
58,7116365-lucid-intervals,1,2024-11-24
58,13480718-set-in-stone,2,2024-11-11
58,426952.The_Silver_Call,2,2024-12-06
58,4631.A_Moveable_Feast,2,2024-11-13
58,20454611-the-enchanter-heir,2,2024-11-15
58,8787.The_White_Masai,2,2024-11-10
58,413681.David_Attenborough_s_Life_on_Air,2,2024-12-05
58,8475505-rebel-belle,1,2024-11-09
58,8872180-i-don-t-want-to-kill-you,1,2024-11-17
59,34851664-the-chase,1,2024-11-09
59,6619072-children-of-dust,1,2024-12-04
59,600791.Code_Name_God,1,2024-12-03
59,741635.Everybody_Say_Amen,4,2024-11-23
59,207259.Adventures_in_Prayer,1,2024-12-05
59,474634.The_Wedding_Girl,1,2024-11-25
59,8508126-on-the-soul-of-a-vampire,1,2024-12-06
59,16041169-disastrous,3,2024-12-02
60,9579882-choices-of-one,1,2024-11-25
60,27225750-big-magic,3,2024-11-27
60,754587.Amateurs,1,2024-11-28
60,560535.Shadow_of_the_Moon,1,2024-11-30
60,17707648-the-hen-who-dreamed-she-could-fly,1,2024-11-11
60,6217.Kristin_Lavransdatter,1,2024-11-12
60,65470.Love_s_Unfolding_Dream,5,2024-11-29
61,416318.The_Ego_and_Its_Own,5,2024-11-15
61,15819028-the-golem-and-the-jinni,3,2024-12-08
61,12678461-amped,1,2024-12-03
61,6505109-roses,1,2024-12-03
61,96647.Scar_Tissue,3,2024-11-14
61,44133.The_Winter_s_Tale,2,2024-11-15
61,3198692-connecting,2,2024-11-16
61,529582.The_Demon_Awakens,1,2024-11-14
61,156563.First_Lady,3,2024-11-17
61,7116365-lucid-intervals,3,2024-11-14
62,15926.Nights_in_Rodanthe,3,2024-12-03
62,282773.Olive_s_Ocean,2,2024-11-11
62,6089708-double-play,1,2024-12-06
62,26192646-sweetbitter,3,2024-11-30
62,1375.The_Iliad_The_Odyssey,3,2024-11-15
63,17262159-never-go-back,1,2024-11-27
63,17164521-a-child-is-torn,1,2024-11-09
63,11869272-behind-the-beautiful-forevers,1,2024-11-11
63,5358.The_Firm,2,2024-11-27
63,1030384.Stormrider,2,2024-11-30
63,7962335-downpour,1,2024-11-12
63,694270.Green_River_Rising,1,2024-11-24
63,455930.Echo_Burning,2,2024-11-23
63,7025989-her-vampire-husband,5,2024-11-22
63,22566588-i-can-cook-pastry,1,2024-12-03
63,474634.The_Wedding_Girl,2,2024-11-26
63,129312.Destiny,3,2024-11-23
63,456920.Tales_from_Watership_Down,2,2024-11-15
64,8602369-degenerates,3,2024-11-22
64,12986169-embers-echoes,1,2024-11-29
64,47952.Sebastian,5,2024-12-04
64,383950.On_the_Edge_of_Darkness,3,2024-12-05
64,518848.Sabriel,5,2024-11-30
64,286136.Leven_Thumps_and_the_Whispered_Secret,1,2024-11-29
64,18350798-menagerie,2,2024-11-25
64,12764606-spy-for-the-queen-of-scots,1,2024-11-25
64,9663855-the-watchtower,1,2024-11-15
65,758614.Star_Wars,1,2024-11-12
65,17975557-betrothed,1,2024-11-15
65,10866624-unspoken,2,2024-12-05
65,21948649-the-children-of-old-leech,3,2024-11-12
65,1851655.Once_a_Pirate,1,2024-12-09
65,92408.Shardik,2,2024-11-19
65,417656.The_Stress_of_Her_Regard,2,2024-11-27
65,13246736-antigoddess,2,2024-11-26
66,18130046-ender-in-flight,2,2024-11-29
66,63445.Buffalo_Girls,1,2024-11-26
66,30755001-music-of-the-ghosts,1,2024-11-23
66,682919.Two_from_Galilee,3,2024-11-27
66,1049531.The_Price_We_Paid,4,2024-11-30
66,173502.Ruthless_Trust,1,2024-11-11
66,19840152-castles,4,2024-11-24
67,10562648-wrapped-up-in-you,1,2024-11-19
67,27695.Nine_Coaches_Waiting,3,2024-11-11
67,37737.Fudge_a_Mania,1,2024-11-12
67,169338.In_the_Footsteps_of_the_Prophet,2,2024-11-26
67,16729.Beach_Music,4,2024-11-29
67,349560.The_Wise_Woman_and_Other_Stories,3,2024-11-10
67,18490595-zibaldone,1,2024-11-28
67,52782.Seize_the_Day,2,2024-12-07
67,77398.Gap_Creek,4,2024-11-22
68,25418.When_I_Was_Puerto_Rican,3,2024-12-03
68,139569.Stone_Butch_Blues,3,2024-11-18
68,25089665-just-another-number,4,2024-11-24
68,167403.The_Innocent,2,2024-12-01
68,6309380-k2,1,2024-11-26
68,12607983-gold-babies-and-the-brothers-muldoon,1,2024-11-16
69,8348904-the-neon-court,1,2024-12-08
69,944073.The_Blade_Itself,2,2024-11-26
69,9992246-eating-smoke,2,2024-11-11
69,8707554-the-black,2,2024-11-12
69,2418888.Skim,1,2024-11-11
69,10298443-the-last-season,2,2024-11-21
69,61539.The_Structure_of_Scientific_Revolutions,1,2024-12-07
69,25381716-quest-for-the-virgins,1,2024-11-12
69,149840.A_Gift_Upon_the_Shore,1,2024-11-20
69,24683898-the-death-of-dulgath,4,2024-12-01
70,206855.Mine_to_Take,1,2024-11-10
70,773549.The_Snowman_s_Children,2,2024-11-24
70,18223628-the-professional,4,2024-12-02
70,7332753-hitch-22,1,2024-11-29
70,510569.The_Greek_Myths,1,2024-11-18
71,15842280-fifty-shades-of-alice-through-the-looking-glass,1,2024-11-27
71,1118874.The_Fifth_Profession,1,2024-11-27
71,1333320.Relentless,1,2024-11-21
71,33455.Island_of_the_Sequined_Love_Nun,1,2024-11-10
71,7904158-choker,2,2024-12-02
71,80616.The_Thin_Man,1,2024-11-18
71,15840340-betwixt,2,2024-12-06
71,153032.The_Mystery_of_the_UFO,1,2024-11-13
71,10808013-the-impossible-dead,4,2024-11-25
71,3352685-sun-mountain,2,2024-11-30
71,6917482-the-cult-of-osiris,1,2024-11-20
72,12744030-the-princess-the-penis,1,2024-11-29
72,19066.Underdog,1,2024-12-02
72,16182.The_Favored_Child,1,2024-12-07
72,4954833-brooklyn,4,2024-12-03
72,426492.The_King_s_Pleasure,1,2024-11-14
72,6758331-the-darkest-passion,2,2024-11-23
72,18223625-the-professional,2,2024-11-15
72,498744.Grandmaster,1,2024-11-28
72,6285903-retribution-falls,1,2024-11-26
72,12451769-sins-of-the-son,2,2024-11-29
73,3845819-death,3,2024-11-15
73,8518644-sixth-grade-can-really-kill-you,1,2024-12-06
73,78960.Good_Wives,2,2024-12-02
74,13983.The_Wizard_of_London,2,2024-11-11
74,8477626-amber-magic,2,2024-11-21
74,759234.The_Heartbreakers,3,2024-11-16
74,250192.The_Buddha_In_Daily_Life,1,2024-11-27
74,5599045-breathless,1,2024-12-07
74,54330.On_Hitler_s_Mountain,1,2024-11-20
74,15813668-fifth-grave-past-the-light,1,2024-12-01
74,2954411-living-dead-girl,1,2024-12-05
74,5604848-destined-for-an-early-grave,1,2024-11-19
74,10242444-the-strip,2,2024-12-07
74,106085.Masquerade,1,2024-11-20
75,423925.The_Cut_Throat_Celts,1,2024-12-09
75,161426.How_I_Live_Now,3,2024-11-12
75,22249695-masterminds,3,2024-11-27
75,18667769-the-merciless,1,2024-12-04
75,10866233-the-list,1,2024-11-26
75,18222556-a-snicker-of-magic,4,2024-11-11
75,24455791-soul-tweets,3,2024-11-29
75,3474186-forever-princess,1,2024-11-26
75,862017.The_Mystery_of_the_99_Steps,3,2024-12-08
75,13146214-because-of-low,3,2024-11-21
76,8428985-half-way-home,2,2024-11-25
76,72257.The_Fig_Eater,1,2024-11-12
76,16173923-refuge,2,2024-11-17
76,1862313.Lush_Life,4,2024-11-21
76,402401.Crazy_Ladies,1,2024-11-21
76,16286.The_Magus,2,2024-11-10
76,581811.Valley_of_the_Dolls,1,2024-11-17
76,30555488-the-underground-railroad,3,2024-11-11
76,17621449-dreamwalker,3,2024-12-07
76,28485843-please-don-t-tell-my-parents-i-ve-got-henchmen,2,2024-11-26
76,497121.Memoirs_Found_in_a_Bathtub,1,2024-11-17
77,36368624-wilde-about-the-girl,3,2024-11-22
77,747558.Sweet_Ruin,1,2024-11-12
77,26131641-miller-s-valley,2,2024-11-27
77,23287159-love-may-fail,3,2024-11-10
77,484028.City_of_Quartz,2,2024-12-08
77,15842280-fifty-shades-of-alice-through-the-looking-glass,1,2024-11-26
77,25678149-taking-the-fall,1,2024-12-09
77,12363622-deadly-captive,1,2024-11-14
77,23346643-the-gracekeepers,1,2024-11-17
77,6609588-morning-s-refrain,1,2024-12-06
77,60057.Lucia_Lucia,2,2024-11-12
77,6554495-sapphire,1,2024-11-16
78,34838876-22-s-diary,1,2024-12-01
78,16110927-against-the-tide,1,2024-11-27
78,2044979.A_Sister_s_Promise,3,2024-12-02
78,7005584-or-is-that-just-me,1,2024-11-15
78,18129488-black-butler-vol-16,1,2024-11-19
78,47955.The_House_of_Gaian,2,2024-12-09
78,683006.In_the_Forest,1,2024-11-16
78,227443.Bridget_Jones_s_Diary,1,2024-11-22
78,10538422-soul-cry-missing-fathers,3,2024-12-03
78,27712.The_Neverending_Story,1,2024-11-25
78,953734.Summer_of_42,1,2024-11-19
78,34057.Captains_Courageous,1,2024-11-14
79,521224.Lay_Her_Among_the_Lilies,1,2024-11-23
79,747599.Victim,4,2024-12-08
79,415640.Saturday_the_Rabbi_Went_Hungry,1,2024-12-09
79,349129.The_Man_Who_Walked_Between_the_Towers,1,2024-12-07
79,86452.Ill_Wind,2,2024-12-08
79,239320.Top_Secret,3,2024-12-04
79,89588.The_Visitor,1,2024-12-07
79,210201.In_the_Ruins,4,2024-11-13
79,47701.InterWorld,3,2024-11-15
79,498214.Daggerspell,1,2024-12-07
79,36162.This_Alien_Shore,1,2024-11-26
80,36203362-motherhood,1,2024-12-09
80,653651.Nights_at_the_Circus,2,2024-11-22
80,80834.Pyongyang,1,2024-12-03
80,461718.The_Hawk_and_the_Dove,2,2024-11-21
80,11210833-the-brothers-ashkenazi,1,2024-11-10
80,13551531-thrown-by-a-curve,3,2024-12-07
80,921823.The_World_in_My_Pocket,1,2024-12-04
80,285224.Masques,3,2024-12-04
80,52117056-tooth-for-tooth,3,2024-11-15
81,443103.Moominland_Midwinter,1,2024-12-05
81,1188123.Crime_in_the_Queen_s_Court,1,2024-11-19
81,6571963-proof-by-seduction,1,2024-12-08
81,341735.Replay,3,2024-11-29
81,164221.Love_Lessons,2,2024-11-10
81,64631.Akiko_on_the_Planet_Smoo,2,2024-11-09
81,2194051.Warrior_s_Return,2,2024-12-06
81,235875.Odysseus_in_the_Serpent_Maze,4,2024-11-16
81,700919.Signal_to_Noise,2,2024-11-28
81,17586834-the-titan-s-curse,1,2024-11-14
81,61264.Silk,1,2024-12-03
81,32997808-stealing-christmas,2,2024-12-04
82,201817.The_Taker,1,2024-12-02
82,52609.The_Sunlight_Dialogues,3,2024-12-08
82,11991.The_Fall,3,2024-11-26
82,930428.Teach_Me,2,2024-11-29
82,11785.Zombie,1,2024-12-03
82,13037526-breathing-room,5,2024-12-03
82,2887157-the-dodgeball-chronicles,5,2024-12-06
82,332613.One_Flew_Over_the_Cuckoo_s_Nest,5,2024-11-20
82,15740944-the-sound,1,2024-12-08
82,7293597-the-healing-spell,3,2024-11-19
83,12983102-devour,2,2024-12-09
83,233664.Wyrd_Sisters,2,2024-11-20
83,9912994-damned,1,2024-12-03
83,124853.Pearl_Cove,2,2024-12-08
83,13272633-soulless,2,2024-12-02
84,7101.The_42nd_Parallel,3,2024-12-06
84,33690.Balkan_Ghosts,2,2024-12-09
84,2578867-existentialism-for-dummies,4,2024-12-06
84,12598613-his-majesty-s-opponent,3,2024-11-21
84,10086681-experiencing-god,1,2024-11-22
84,14740588-notorious-nineteen,2,2024-11-28
85,7194943-vanished,1,2024-12-01
85,38419.The_Babysitters_Club_Collection_3,3,2024-12-02
85,1005680.Basil_of_Baker_Street,3,2024-11-20
85,15777797-truth-or-dare,2,2024-11-25
85,5575.Cradle_and_All,3,2024-12-05
85,43798285-the-institute,2,2024-11-23
85,13069261-the-bellwether-revivals,1,2024-11-14
85,31247147-shot-to-pieces,2,2024-12-01
85,29213520-write-to-die,1,2024-11-16
86,176333.Requiem,3,2024-11-16
86,553243.The_Seven_Valleys_and_the_Four_Valleys,2,2024-11-22
86,3115950-vampire-zero,4,2024-12-09
86,6443321-these-boots-are-made-for-stalking,1,2024-12-07
86,10086681-experiencing-god,1,2024-11-16
86,938544.Toll_the_Hounds,1,2024-11-18
86,7346106-the-great-perhaps,1,2024-11-25
86,20564828-nightwalker,2,2024-12-09
86,34220606-sisters-first,1,2024-11-18
86,29079300-the-vampire-king-s-mate,1,2024-11-28
86,208628.Papers_and_Journals,5,2024-12-09
86,40134735-the-joy-of-jesus,2,2024-11-29
87,303113.Dinosaurs_in_the_Attic,2,2024-11-09
87,550726.Above_Suspicion,3,2024-11-26
87,557188.Five_Go_Off_to_Camp,1,2024-12-07
87,19337.The_Tale_of_the_Flopsy_Bunnies,1,2024-12-08
87,450573.The_Odd_Couple,4,2024-11-15
87,3047851-wanted,2,2024-11-12
88,61049.Autobiography_of_Red,5,2024-12-02
88,20495415-king-tomb,4,2024-11-25
88,7252256-unspeakable,2,2024-11-22
88,12885.Lost_in_the_Funhouse,1,2024-12-05
88,6681333-eleventh-grade-burns,4,2024-12-09
88,1624561.Egil_s_Saga,5,2024-12-08
88,48722.Predator_s_Gold,1,2024-11-20
88,13580846-my-life-with-the-walter-boys,1,2024-11-27
88,22917292-the-favorite,3,2024-11-18
89,529626.Sometimes_a_Great_Notion,2,2024-11-29
89,334970.Chronicle_of_a_Blood_Merchant,1,2024-11-28
89,6368610-radiant-shadows,2,2024-11-15
89,118351.The_Dead_Father,1,2024-11-22
89,1586116.Endless_Universe,1,2024-11-20
89,71730.Nonviolent_Communication,2,2024-11-29
89,146199.Remembering,1,2024-11-12
89,162130.Last_Days_Madness,2,2024-11-13
89,11449.Cathedral,1,2024-11-26
90,11666.Rabbit_at_Rest,1,2024-12-04
90,16082904-fairy-tales-every-child-should-know,4,2024-11-22
90,13574.Tsubasa,3,2024-12-06
90,249.Tropic_of_Cancer,2,2024-11-22
90,343265.Junie_B_First_Grader,2,2024-11-17
90,574901.Opus_Posthumous,2,2024-12-05
91,47588.Drawing_Blood,3,2024-11-26
91,32860355-alex-and-eliza,1,2024-11-09
91,6344424-the-fire-king,1,2024-12-04
91,20679880-the-secret-lives-of-people---real-diary-excerpts-from-modern-day-america,3,2024-12-09
91,2412176.Seducing_Mr_Darcy,1,2024-12-09
91,10188580-hunting-lila,1,2024-11-21
91,10508431-tuesdays-at-the-castle,3,2024-11-14
91,682804.The_Killer_Angels,1,2024-11-13
91,24365190-nothing-but-shadows,3,2024-11-18
91,539770.The_Sorcerer_s_Apprentice,4,2024-11-24
92,334356.Gin_Daggers,1,2024-11-24
92,634583.Wings_of_Fire,2,2024-11-20
92,12681233-revived,1,2024-11-13
92,36989042-reasonable-doubt,1,2024-11-15
92,161056.The_Years_with_Ross,5,2024-11-28
92,126503.Spellsinger,1,2024-11-20
92,6090411-fat-cat,3,2024-12-02
92,35108805-a-higher-loyalty,1,2024-12-09
92,12035966-brownies-and-broomsticks,1,2024-11-29
92,4450522-parenting-your-internationally-adopted-child,1,2024-12-04
92,17879512-diary-of-a-freedom-writer,3,2024-11-17
93,6095455-the-foreign-field,1,2024-11-27
93,59219.The_Talisman,1,2024-11-12
93,3170458-titus-alone,1,2024-11-21
93,759611.Brown_Bear_Brown_Bear_What_Do_You_See_,2,2024-11-21
93,25262615-just-breathe,1,2024-11-15
93,25587.The_Second_World_War,2,2024-11-22
93,8519822-the-enchantress,3,2024-11-27
93,10662433-ashes-to-ashes,2,2024-11-12
93,830502.It,2,2024-11-14
93,669.Capitalism,3,2024-11-30
94,407305.Brighter_than_a_Thousand_Suns,3,2024-11-23
94,8101162-masters-slayers,1,2024-11-30
94,2418066.Redemption_CD_Collection,5,2024-11-20
94,18149630-peter,4,2024-11-28
94,19582934-an-evil-mind,1,2024-11-14
94,551367.Tusculan_Disputations,1,2024-12-01
94,142845.Islam,4,2024-12-06
94,6460146-itazura-na-kiss-volume-1,2,2024-11-09
94,32351.Mutants,2,2024-11-29
94,24.In_a_Sunburned_Country,3,2024-11-11
94,16176.The_Red_Queen,2,2024-11-20
94,18736925-capital-in-the-twenty-first-century,4,2024-11-18
94,73704.The_Key_to_My_Neighbor_s_House,1,2024-11-15
94,96110.Vietnam,5,2024-12-07
95,10.Harry_Potter_Collection,2,2024-12-06
95,92104.Rebecca_s_Tale,2,2024-11-26
95,5113.Franny_and_Zooey,1,2024-11-30
95,4948826-sum,1,2024-11-13
95,19455434-extreme-measures,1,2024-11-15
95,34532131-lord-byron,1,2024-11-11
95,7347.The_Book_of_Lost_Tales_Part_One,2,2024-12-09
95,2106303.The_Revival_of_Death,2,2024-12-01
96,33547.Hell_House,3,2024-12-06
96,866498.Nevermore,1,2024-11-17
96,814108.Grief_Girl,2,2024-11-10
96,7304203-shadowfever,1,2024-12-04
96,34504470-a-mother-s-reckoning,5,2024-11-19
96,7744611-code,2,2024-11-24
96,105744.Meg,4,2024-11-21
97,10996342-the-art-of-fielding,5,2024-11-30
97,36295291-outcaste,5,2024-12-03
97,32618967-an-era-of-darkness,1,2024-12-08
97,1725399.Talking_Heads,3,2024-11-25
97,169848.A_Christmas_Carol_The_Chimes_The_Cricket_on_the_Hearth,4,2024-12-03
97,631127.The_Clue_of_the_Velvet_Mask,2,2024-12-01
97,528710.Me_and_Mr_Darcy,1,2024-11-16
97,162497.Pafko_at_the_Wall,3,2024-12-02
97,17262126-mastering-the-art-of-soviet-cooking,3,2024-11-21
97,52876.The_Business_of_Fancydancing,1,2024-11-15
97,1137215.Boneshaker,1,2024-11-18
97,4143812-discourses-and-selected-writings,1,2024-11-10
97,292668.Spoon_River_Anthology,4,2024-11-21
98,895295.World_s_End,2,2024-11-18
98,32072577-i-am-funny-like-that,3,2024-11-18
98,1469982.This_Way_to_Paradise,1,2024-11-28
98,18132276-spellbound-in-his-arms,4,2024-12-04
98,186937.Gift_of_Fire,2,2024-11-29
98,10637739-still-waters,2,2024-11-09
98,293918.Song_of_Myself,1,2024-11-18
98,9167283-after-twenty-years,4,2024-11-25
99,107301.A_Town_Like_Alice,1,2024-12-06
99,13532214-message-to-adolf-part-2,4,2024-12-04
99,18177306-fall-into-my-heart,2,2024-11-20
99,18588799-project-pl8,1,2024-11-23
99,961833.Mariana,1,2024-11-20
99,762462.One_Up_On_Wall_Street,5,2024-11-11
99,18516961-selling-scarlett,1,2024-11-22
99,11367737-my-family-for-the-war,2,2024-11-14
